source_file,model,variant,input_len,output_len,offered_qps,sample_count,power_w_mean,power_w_median,power_w_max,gpu_temp_c_mean,gpu_temp_c_median,gpu_temp_c_max,memory_temp_c_mean,memory_temp_c_median,memory_temp_c_max,sm_util_pct_mean,sm_util_pct_median,sm_util_pct_max,memory_util_pct_mean,memory_util_pct_median,memory_util_pct_max,framebuffer_mb_mean,framebuffer_mb_median,framebuffer_mb_max,bar1_mb_mean,bar1_mb_median,bar1_mb_max,pcie_rx_mb_s_mean,pcie_rx_mb_s_median,pcie_rx_mb_s_max,pcie_tx_mb_s_mean,pcie_tx_mb_s_median,pcie_tx_mb_s_max
bench/bench_results/Llama-3.1-8B/NVIDIA-H200/vllm-0.18.0-all+q/mon/default-random-128x128-2qps-200p.txt,Llama-3.1-8B,all+q,128,128,2.0,116,477.7155172413793,585.5,600.0,53.87931034482759,57.0,59.0,50.241379310344826,53.0,55.0,76.41379310344827,100.0,100.0,40.11206896551724,54.0,55.0,130763.0,130763.0,130763.0,130764.0,130764.0,130764.0,32.258620689655174,38.0,71.0,10.836206896551724,13.5,17.0
bench/bench_results/Llama-3.1-8B/NVIDIA-H200/vllm-0.18.0-all+q/mon/default-random-128x512-2qps-200p.txt,Llama-3.1-8B,all+q,128,512,2.0,115,544.5652173913044,595.0,617.0,56.44347826086957,59.0,61.0,52.76521739130435,55.0,56.0,89.34782608695652,100.0,100.0,48.643478260869564,55.0,55.0,130751.0,130751.0,130751.0,130752.0,130752.0,130752.0,55.6,57.0,106.0,14.234782608695653,15.0,21.0
bench/bench_results/Llama-3.1-8B/NVIDIA-H200/vllm-0.18.0-all+q/mon/default-random-512x128-16qps-200p.txt,Llama-3.1-8B,all+q,512,128,16.0,27,395.037037037037,549.0,672.0,49.592592592592595,52.0,61.0,44.7037037037037,46.0,54.0,50.888888888888886,79.0,100.0,25.22222222222222,40.0,55.0,130751.0,130751.0,130751.0,130752.0,130752.0,130752.0,68.70370370370371,1.0,198.0,10.925925925925926,1.0,33.0
bench/bench_results/Llama-3.1-8B/NVIDIA-H200/vllm-0.18.0-all+q/mon/default-random-512x128-1qps-200p.txt,Llama-3.1-8B,all+q,512,128,1.0,205,399.30731707317074,418.0,604.0,51.62439024390244,53.0,60.0,47.951219512195124,48.0,55.0,64.17560975609756,100.0,100.0,28.921951219512195,23.0,54.0,130751.0,130751.0,130751.0,130752.0,130752.0,130752.0,24.541463414634148,33.0,108.0,8.326829268292682,10.0,21.0
bench/bench_results/Llama-3.1-8B/NVIDIA-H200/vllm-0.18.0-all+q/mon/default-random-512x128-2qps-200p.txt,Llama-3.1-8B,all+q,512,128,2.0,111,506.2522522522523,587.0,610.0,55.27927927927928,58.0,61.0,51.54054054054054,54.0,56.0,82.51351351351352,100.0,100.0,42.37837837837838,54.0,55.0,130751.0,130751.0,130751.0,130752.0,130752.0,130752.0,37.513513513513516,39.0,112.0,11.73873873873874,13.0,23.0
bench/bench_results/Llama-3.1-8B/NVIDIA-H200/vllm-0.18.0-all+q/mon/default-random-512x128-4qps-200p.txt,Llama-3.1-8B,all+q,512,128,4.0,63,498.2063492063492,596.0,626.0,54.04761904761905,58.0,61.0,50.095238095238095,53.0,55.0,77.5079365079365,100.0,100.0,41.07936507936508,53.0,55.0,130751.0,130751.0,130751.0,130752.0,130752.0,130752.0,43.285714285714285,44.0,107.0,12.523809523809524,14.0,68.0
bench/bench_results/Llama-3.1-8B/NVIDIA-H200/vllm-0.18.0-all+q/mon/default-random-512x128-8qps-200p.txt,Llama-3.1-8B,all+q,512,128,8.0,39,451.53846153846155,604.0,648.0,51.743589743589745,56.0,62.0,47.48717948717949,51.0,55.0,65.56410256410257,100.0,100.0,34.17948717948718,51.0,55.0,130751.0,130751.0,130751.0,130752.0,130752.0,130752.0,52.1025641025641,53.0,140.0,11.205128205128204,15.0,24.0
bench/bench_results/Llama-3.1-8B/NVIDIA-H200/vllm-0.18.0-all+q/mon/default-random-768x192-2qps-200p.txt,Llama-3.1-8B,all+q,768,192,2.0,112,530.4196428571429,593.0,625.0,55.94642857142857,58.0,62.0,52.1875,55.0,56.0,87.10714285714286,100.0,100.0,45.651785714285715,54.0,55.0,130751.0,130751.0,130751.0,130752.0,130752.0,130752.0,41.67857142857143,41.5,108.0,12.660714285714286,14.0,20.0
bench/bench_results/Llama-3.1-8B/NVIDIA-H200/vllm-0.18.0-all+q/mon/default-random-768x32-2qps-200p.txt,Llama-3.1-8B,all+q,768,32,2.0,109,283.6605504587156,274.0,600.0,47.11926605504587,46.0,56.0,43.24770642201835,43.0,50.0,40.31192660550459,11.0,100.0,14.330275229357799,3.0,54.0,130751.0,130751.0,130751.0,130752.0,130752.0,130752.0,19.045871559633028,0.0,151.0,5.08256880733945,1.0,20.0
bench/bench_results/Llama-3.1-8B/NVIDIA-H200/vllm-0.18.0-all+sd(1B)/mon/default-random-128x128-2qps-200p.txt,Llama-3.1-8B,all+sd(1B),128,128,2.0,110,241.8181818181818,275.0,298.0,43.77272727272727,45.0,46.0,41.72727272727273,43.0,44.0,38.03636363636364,50.0,54.0,19.618181818181817,25.0,28.0,130372.52727272727,130373.0,130373.0,130373.52727272727,130374.0,130374.0,87.36363636363636,113.0,136.0,15.036363636363637,18.5,23.0
bench/bench_results/Llama-3.1-8B/NVIDIA-H200/vllm-0.18.0-all+sd(1B)/mon/default-random-128x512-2qps-200p.txt,Llama-3.1-8B,all+sd(1B),128,512,2.0,113,279.7079646017699,296.0,343.0,50.29203539823009,51.0,54.0,47.36283185840708,48.0,50.0,45.97345132743363,51.0,56.0,23.442477876106196,26.0,29.0,130372.53982300885,130373.0,130373.0,130373.53982300885,130374.0,130374.0,106.8141592920354,123.0,150.0,18.920353982300885,22.0,25.0
bench/bench_results/Llama-3.1-8B/NVIDIA-H200/vllm-0.18.0-all+sd(1B)/mon/default-random-512x128-16qps-200p.txt,Llama-3.1-8B,all+sd(1B),512,128,16.0,26,294.0769230769231,206.5,566.0,46.15384615384615,42.5,56.0,41.73076923076923,40.0,47.0,36.76923076923077,31.0,100.0,15.192307692307692,15.0,39.0,130370.92307692308,130370.0,130373.0,130371.92307692308,130371.0,130374.0,72.11538461538461,34.5,288.0,12.807692307692308,9.0,46.0
bench/bench_results/Llama-3.1-8B/NVIDIA-H200/vllm-0.18.0-all+sd(1B)/mon/default-random-512x128-1qps-200p.txt,Llama-3.1-8B,all+sd(1B),512,128,1.0,204,229.5735294117647,252.5,319.0,43.86274509803921,44.0,50.0,41.77450980392157,43.0,44.0,32.504901960784316,50.0,63.0,16.83823529411765,25.0,29.0,130372.72549019608,130373.0,130373.0,130373.72549019608,130374.0,130374.0,69.18627450980392,104.5,148.0,12.362745098039216,17.0,24.0
bench/bench_results/Llama-3.1-8B/NVIDIA-H200/vllm-0.18.0-all+sd(1B)/mon/default-random-512x128-2qps-200p.txt,Llama-3.1-8B,all+sd(1B),512,128,2.0,109,261.74311926605503,293.0,339.0,46.11009174311926,46.0,53.0,43.15596330275229,44.0,48.0,39.95412844036697,50.0,61.0,19.94495412844037,25.0,29.0,130372.50458715597,130373.0,130373.0,130373.50458715597,130374.0,130374.0,88.74311926605505,112.0,137.0,16.174311926605505,21.0,26.0
bench/bench_results/Llama-3.1-8B/NVIDIA-H200/vllm-0.18.0-all+sd(1B)/mon/default-random-512x128-4qps-200p.txt,Llama-3.1-8B,all+sd(1B),512,128,4.0,63,279.3968253968254,311.0,383.0,49.17460317460318,50.0,56.0,45.57142857142857,47.0,48.0,42.111111111111114,51.0,67.0,20.365079365079364,25.0,29.0,130372.1746031746,130373.0,130373.0,130373.1746031746,130374.0,130374.0,91.6984126984127,114.0,138.0,16.349206349206348,21.0,25.0
bench/bench_results/Llama-3.1-8B/NVIDIA-H200/vllm-0.18.0-all+sd(1B)/mon/default-random-512x128-8qps-200p.txt,Llama-3.1-8B,all+sd(1B),512,128,8.0,39,286.87179487179486,339.0,445.0,46.53846153846154,47.0,55.0,42.76923076923077,44.0,47.0,38.94871794871795,53.0,82.0,18.28205128205128,26.0,31.0,130371.66666666667,130373.0,130373.0,130372.66666666667,130374.0,130374.0,79.3076923076923,109.0,234.0,14.435897435897436,21.0,25.0
bench/bench_results/Llama-3.1-8B/NVIDIA-H200/vllm-0.18.0-all+sd(1B)/mon/default-random-768x192-2qps-200p.txt,Llama-3.1-8B,all+sd(1B),768,192,2.0,110,278.1,300.5,386.0,44.49090909090909,45.0,51.0,42.17272727272727,43.0,45.0,44.9,52.0,79.0,22.19090909090909,26.0,30.0,130372.5090909091,130373.0,130373.0,130373.5090909091,130374.0,130374.0,98.77272727272727,119.0,204.0,17.172727272727272,21.0,31.0
bench/bench_results/Llama-3.1-8B/NVIDIA-H200/vllm-0.18.0-all+sd(1B)/mon/default-random-768x32-2qps-200p.txt,Llama-3.1-8B,all+sd(1B),768,32,2.0,109,242.651376146789,253.0,361.0,44.944954128440365,45.0,53.0,42.14678899082569,43.0,45.0,32.357798165137616,49.0,77.0,15.990825688073395,25.0,32.0,130372.4862385321,130373.0,130373.0,130373.4862385321,130374.0,130374.0,67.38532110091744,96.0,175.0,12.045871559633028,17.0,28.0
bench/bench_results/Llama-3.1-8B/NVIDIA-H200/vllm-0.18.0-all+sd(1B+p)/mon/default-random-128x128-2qps-200p.txt,Llama-3.1-8B,all+sd(1B+p),128,128,2.0,116,246.94827586206895,250.5,419.0,45.89655172413793,46.0,52.0,43.75,43.0,50.0,28.482758620689655,0.0,96.0,17.612068965517242,0.0,60.0,130372.55172413793,130373.0,130373.0,130373.55172413793,130374.0,130374.0,42.077586206896555,0.0,154.0,9.818965517241379,0.0,32.0
bench/bench_results/Llama-3.1-8B/NVIDIA-H200/vllm-0.18.0-all+sd(1B+p)/mon/default-random-128x512-2qps-200p.txt,Llama-3.1-8B,all+sd(1B+p),128,512,2.0,109,365.79816513761466,419.0,494.0,49.91743119266055,51.0,54.0,49.137614678899084,51.0,52.0,66.06422018348624,94.0,98.0,40.65137614678899,57.0,61.0,130372.52293577982,130373.0,130373.0,130373.52293577982,130374.0,130374.0,93.68807339449542,124.0,191.0,20.71559633027523,29.0,57.0
bench/bench_results/Llama-3.1-8B/NVIDIA-H200/vllm-0.18.0-all+sd(1B+p)/mon/default-random-512x128-16qps-200p.txt,Llama-3.1-8B,all+sd(1B+p),512,128,16.0,25,343.68,158.0,628.0,48.24,44.0,59.0,43.84,39.0,52.0,47.68,6.0,100.0,24.36,4.0,60.0,130370.92,130369.0,130373.0,130371.92,130370.0,130374.0,65.44,0.0,166.0,12.88,1.0,34.0
bench/bench_results/Llama-3.1-8B/NVIDIA-H200/vllm-0.18.0-all+sd(1B+p)/mon/default-random-512x128-1qps-200p.txt,Llama-3.1-8B,all+sd(1B+p),512,128,1.0,205,218.21463414634147,216.0,447.0,44.014634146341464,43.0,51.0,41.614634146341466,41.0,48.0,25.58048780487805,0.0,98.0,15.37560975609756,0.0,60.0,130372.58048780488,130373.0,130373.0,130373.58048780488,130374.0,130374.0,39.35121951219512,0.0,153.0,9.082926829268292,0.0,33.0
bench/bench_results/Llama-3.1-8B/NVIDIA-H200/vllm-0.18.0-all+sd(1B+p)/mon/default-random-512x128-2qps-200p.txt,Llama-3.1-8B,all+sd(1B+p),512,128,2.0,109,276.7798165137615,285.0,483.0,45.91743119266055,45.0,53.0,43.88990825688074,44.0,50.0,43.45871559633027,32.0,99.0,26.321100917431192,16.0,61.0,130372.50458715597,130373.0,130373.0,130373.50458715597,130374.0,130374.0,58.34862385321101,0.0,152.0,12.44954128440367,1.0,34.0
bench/bench_results/Llama-3.1-8B/NVIDIA-H200/vllm-0.18.0-all+sd(1B+p)/mon/default-random-512x128-4qps-200p.txt,Llama-3.1-8B,all+sd(1B+p),512,128,4.0,61,334.655737704918,355.0,513.0,48.114754098360656,50.0,57.0,45.75409836065574,48.0,52.0,53.295081967213115,85.0,98.0,30.918032786885245,50.0,61.0,130372.14754098361,130373.0,130373.0,130373.14754098361,130374.0,130374.0,86.34426229508196,122.0,161.0,17.950819672131146,28.0,34.0
bench/bench_results/Llama-3.1-8B/NVIDIA-H200/vllm-0.18.0-all+sd(1B+p)/mon/default-random-512x128-8qps-200p.txt,Llama-3.1-8B,all+sd(1B+p),512,128,8.0,37,364.2162162162162,454.0,571.0,48.67567567567568,51.0,58.0,46.13513513513514,50.0,52.0,62.270270270270274,95.0,100.0,35.891891891891895,52.0,61.0,130371.5945945946,130373.0,130373.0,130372.5945945946,130374.0,130374.0,84.08108108108108,118.0,169.0,18.324324324324323,25.0,34.0
bench/bench_results/Llama-3.1-8B/NVIDIA-H200/vllm-0.18.0-all+sd(1B+p)/mon/default-random-768x192-2qps-200p.txt,Llama-3.1-8B,all+sd(1B+p),768,192,2.0,109,310.348623853211,323.0,517.0,47.3394495412844,48.0,54.0,45.51376146788991,47.0,52.0,52.20183486238532,64.0,100.0,30.96330275229358,36.0,62.0,130372.50458715597,130373.0,130373.0,130373.50458715597,130374.0,130374.0,68.79816513761467,83.0,164.0,15.46788990825688,20.0,34.0
bench/bench_results/Llama-3.1-8B/NVIDIA-H200/vllm-0.18.0-all+sd(1B+p)/mon/default-random-768x32-2qps-200p.txt,Llama-3.1-8B,all+sd(1B+p),768,32,2.0,109,228.45871559633028,224.0,432.0,44.91743119266055,45.0,54.0,42.20183486238532,43.0,50.0,22.40366972477064,0.0,99.0,12.926605504587156,0.0,61.0,130372.37614678899,130373.0,130373.0,130373.37614678899,130374.0,130374.0,33.81651376146789,0.0,165.0,7.807339449541284,0.0,32.0
bench/bench_results/Llama-3.1-8B/NVIDIA-H200/vllm-0.18.0-all+sd(3B)/mon/default-random-128x128-2qps-200p.txt,Llama-3.1-8B,all+sd(3B),128,128,2.0,116,252.06034482758622,285.0,309.0,42.043103448275865,43.0,46.0,40.241379310344826,41.0,43.0,38.26724137931034,49.0,55.0,20.724137931034484,27.0,31.0,130416.29310344828,130417.0,130417.0,130417.29310344828,130418.0,130418.0,91.0,111.0,139.0,15.482758620689655,18.0,24.0
bench/bench_results/Llama-3.1-8B/NVIDIA-H200/vllm-0.18.0-all+sd(3B)/mon/default-random-128x512-2qps-200p.txt,Llama-3.1-8B,all+sd(3B),128,512,2.0,113,294.6371681415929,311.0,355.0,46.83185840707964,48.0,51.0,44.309734513274336,46.0,47.0,47.256637168141594,53.0,62.0,25.353982300884955,29.0,33.0,130416.27433628318,130417.0,130417.0,130417.27433628318,130418.0,130418.0,105.92035398230088,118.0,161.0,17.699115044247787,19.0,28.0
bench/bench_results/Llama-3.1-8B/NVIDIA-H200/vllm-0.18.0-all+sd(3B)/mon/default-random-512x128-16qps-200p.txt,Llama-3.1-8B,all+sd(3B),512,128,16.0,27,328.3333333333333,285.0,623.0,45.96296296296296,45.0,57.0,41.666666666666664,41.0,49.0,42.148148148148145,49.0,100.0,19.185185185185187,27.0,43.0,130414.03703703704,130415.0,130417.0,130415.03703703704,130416.0,130418.0,73.11111111111111,0.0,250.0,11.925925925925926,16.0,31.0
bench/bench_results/Llama-3.1-8B/NVIDIA-H200/vllm-0.18.0-all+sd(3B)/mon/default-random-512x128-1qps-200p.txt,Llama-3.1-8B,all+sd(3B),512,128,1.0,205,257.30243902439025,291.0,351.0,44.50243902439024,45.0,51.0,42.49268292682927,43.0,45.0,38.926829268292686,50.0,64.0,21.053658536585367,28.0,32.0,130414.72682926829,130415.0,130415.0,130415.72682926829,130416.0,130416.0,84.93170731707318,110.0,157.0,14.04390243902439,18.0,28.0
bench/bench_results/Llama-3.1-8B/NVIDIA-H200/vllm-0.18.0-all+sd(3B)/mon/default-random-512x128-2qps-200p.txt,Llama-3.1-8B,all+sd(3B),512,128,2.0,110,290.05454545454546,309.0,373.0,46.763636363636365,47.0,55.0,44.31818181818182,45.0,47.0,45.42727272727273,52.0,77.0,24.28181818181818,28.0,32.0,130414.5090909091,130415.0,130415.0,130415.5090909091,130416.0,130416.0,101.21818181818182,118.5,150.0,16.754545454545454,18.0,44.0
bench/bench_results/Llama-3.1-8B/NVIDIA-H200/vllm-0.18.0-all+sd(3B)/mon/default-random-512x128-4qps-200p.txt,Llama-3.1-8B,all+sd(3B),512,128,4.0,62,300.758064516129,334.0,411.0,47.564516129032256,48.0,56.0,44.435483870967744,46.0,48.0,45.564516129032256,53.5,78.0,23.370967741935484,29.0,34.0,130415.25806451614,130417.0,130417.0,130416.25806451614,130418.0,130418.0,94.56451612903226,113.0,154.0,15.419354838709678,18.0,24.0
bench/bench_results/Llama-3.1-8B/NVIDIA-H200/vllm-0.18.0-all+sd(3B)/mon/default-random-512x128-8qps-200p.txt,Llama-3.1-8B,all+sd(3B),512,128,8.0,39,313.38461538461536,374.0,502.0,46.02564102564103,47.0,55.0,42.43589743589744,44.0,47.0,42.46153846153846,57.0,80.0,20.615384615384617,29.0,37.0,130414.79487179487,130417.0,130417.0,130415.79487179487,130418.0,130418.0,75.6923076923077,110.0,154.0,13.897435897435898,19.0,27.0
bench/bench_results/Llama-3.1-8B/NVIDIA-H200/vllm-0.18.0-all+sd(3B)/mon/default-random-768x192-2qps-200p.txt,Llama-3.1-8B,all+sd(3B),768,192,2.0,111,308.3873873873874,326.0,409.0,46.86486486486486,47.0,57.0,44.234234234234236,45.0,47.0,49.67567567567568,53.0,76.0,26.26126126126126,30.0,34.0,130414.51351351352,130415.0,130415.0,130415.51351351352,130416.0,130416.0,102.74774774774775,116.0,191.0,18.08108108108108,19.0,32.0
bench/bench_results/Llama-3.1-8B/NVIDIA-H200/vllm-0.18.0-all+sd(3B)/mon/default-random-768x32-2qps-200p.txt,Llama-3.1-8B,all+sd(3B),768,32,2.0,110,265.8272727272727,291.5,401.0,46.39090909090909,47.0,57.0,43.10909090909091,44.0,47.0,36.45454545454545,51.0,87.0,19.045454545454547,28.0,33.0,130414.5090909091,130415.0,130415.0,130415.5090909091,130416.0,130416.0,76.72727272727273,105.5,163.0,13.763636363636364,18.0,37.0
bench/bench_results/Llama-3.1-8B/NVIDIA-H200/vllm-0.18.0-cb/mon/default-random-128x128-2qps-200p.txt,Llama-3.1-8B,cb,128,128,2.0,115,383.24347826086955,454.0,522.0,45.66086956521739,48.0,50.0,46.69565217391305,50.0,54.0,58.80869565217391,88.0,89.0,43.608695652173914,64.0,68.0,119392.54782608696,119393.0,119393.0,119393.54782608696,119394.0,119394.0,31.713043478260868,44.0,80.0,9.139130434782608,14.0,17.0
bench/bench_results/Llama-3.1-8B/NVIDIA-H200/vllm-0.18.0-cb/mon/default-random-128x512-2qps-200p.txt,Llama-3.1-8B,cb,128,512,2.0,112,470.11607142857144,518.5,539.0,48.625,51.0,52.0,49.839285714285715,52.0,55.0,77.19642857142857,88.0,89.0,56.089285714285715,64.0,67.0,119392.57142857143,119393.0,119393.0,119393.57142857143,119394.0,119394.0,63.285714285714285,72.0,119.0,13.830357142857142,16.0,21.0
bench/bench_results/Llama-3.1-8B/NVIDIA-H200/vllm-0.18.0-cb/mon/default-random-512x128-16qps-200p.txt,Llama-3.1-8B,cb,512,128,16.0,26,352.65384615384613,297.0,615.0,43.73076923076923,41.5,54.0,41.65384615384615,40.5,51.0,43.96153846153846,43.0,90.0,28.153846153846153,18.5,66.0,119391.0,119391.0,119393.0,119392.0,119392.0,119394.0,55.07692307692308,0.0,174.0,8.923076923076923,0.5,26.0
bench/bench_results/Llama-3.1-8B/NVIDIA-H200/vllm-0.18.0-cb/mon/default-random-512x128-1qps-200p.txt,Llama-3.1-8B,cb,512,128,1.0,204,335.6666666666667,351.5,528.0,43.69117647058823,45.0,50.0,44.32843137254902,46.0,52.0,47.1078431372549,71.5,90.0,34.681372549019606,50.0,68.0,119392.74509803922,119393.0,119393.0,119393.74509803922,119394.0,119394.0,24.264705882352942,41.0,69.0,7.5245098039215685,13.0,20.0
bench/bench_results/Llama-3.1-8B/NVIDIA-H200/vllm-0.18.0-cb/mon/default-random-512x128-2qps-200p.txt,Llama-3.1-8B,cb,512,128,2.0,109,408.3669724770642,492.0,542.0,46.174311926605505,48.0,54.0,47.321100917431195,50.0,53.0,61.87155963302752,89.0,90.0,44.99082568807339,64.0,68.0,119392.52293577982,119393.0,119393.0,119393.52293577982,119394.0,119394.0,34.6605504587156,45.0,92.0,10.027522935779816,14.0,34.0
bench/bench_results/Llama-3.1-8B/NVIDIA-H200/vllm-0.18.0-cb/mon/default-random-512x128-4qps-200p.txt,Llama-3.1-8B,cb,512,128,4.0,62,429.30645161290323,521.0,555.0,46.274193548387096,48.5,53.0,46.95161290322581,50.0,53.0,65.12903225806451,88.0,90.0,46.08064516129032,60.0,67.0,119392.16129032258,119393.0,119393.0,119393.16129032258,119394.0,119394.0,44.83870967741935,53.0,90.0,11.838709677419354,15.0,34.0
bench/bench_results/Llama-3.1-8B/NVIDIA-H200/vllm-0.18.0-cb/mon/default-random-512x128-8qps-200p.txt,Llama-3.1-8B,cb,512,128,8.0,38,398.8157894736842,530.0,582.0,45.05263157894737,47.0,53.0,44.921052631578945,48.0,52.0,55.78947368421053,88.0,90.0,37.71052631578947,56.5,65.0,119391.63157894737,119393.0,119393.0,119392.63157894737,119394.0,119394.0,50.026315789473685,64.5,131.0,10.710526315789474,16.0,20.0
bench/bench_results/Llama-3.1-8B/NVIDIA-H200/vllm-0.18.0-cb/mon/default-random-768x192-2qps-200p.txt,Llama-3.1-8B,cb,768,192,2.0,110,448.7909090909091,520.5,556.0,48.13636363636363,50.0,57.0,48.69090909090909,51.0,54.0,68.6,89.0,91.0,48.99090909090909,64.0,68.0,119392.52727272727,119393.0,119393.0,119393.52727272727,119394.0,119394.0,43.6,49.0,115.0,11.863636363636363,14.0,22.0
bench/bench_results/Llama-3.1-8B/NVIDIA-H200/vllm-0.18.0-cb/mon/default-random-768x32-2qps-200p.txt,Llama-3.1-8B,cb,768,32,2.0,109,260.5596330275229,265.0,504.0,40.37614678899082,40.0,50.0,39.5045871559633,39.0,48.0,26.045871559633028,0.0,90.0,18.889908256880734,0.0,69.0,119392.52293577982,119393.0,119393.0,119393.52293577982,119394.0,119394.0,15.211009174311927,0.0,81.0,4.045871559633028,0.0,16.0
bench/bench_results/Llama-3.1-8B/NVIDIA-H200/vllm-0.18.0-cb+as/mon/default-random-128x128-2qps-200p.txt,Llama-3.1-8B,cb+as,128,128,2.0,115,399.4173913043478,453.0,578.0,46.608695652173914,48.0,52.0,47.66086956521739,51.0,56.0,66.63478260869566,100.0,100.0,49.37391304347826,73.0,76.0,119392.5304347826,119393.0,119393.0,119393.5304347826,119394.0,119394.0,33.04347826086956,50.0,94.0,9.626086956521739,15.0,23.0
bench/bench_results/Llama-3.1-8B/NVIDIA-H200/vllm-0.18.0-cb+as/mon/default-random-128x512-2qps-200p.txt,Llama-3.1-8B,cb+as,128,512,2.0,111,514.4054054054054,566.0,594.0,50.171171171171174,53.0,55.0,52.01801801801802,54.0,58.0,87.4054054054054,100.0,100.0,63.3963963963964,72.0,76.0,119392.53153153154,119393.0,119393.0,119393.53153153154,119394.0,119394.0,67.02702702702703,72.0,114.0,16.027027027027028,18.0,55.0
bench/bench_results/Llama-3.1-8B/NVIDIA-H200/vllm-0.18.0-cb+as/mon/default-random-512x128-16qps-200p.txt,Llama-3.1-8B,cb+as,512,128,16.0,25,373.0,165.0,654.0,44.24,41.0,55.0,42.32,41.0,53.0,51.88,82.0,100.0,32.8,44.0,75.0,119391.08,119393.0,119393.0,119392.08,119394.0,119394.0,61.32,80.0,174.0,11.04,17.0,26.0
bench/bench_results/Llama-3.1-8B/NVIDIA-H200/vllm-0.18.0-cb+as/mon/default-random-512x128-1qps-200p.txt,Llama-3.1-8B,cb+as,512,128,1.0,204,342.5147058823529,364.0,571.0,43.877450980392155,44.0,53.0,44.72549019607843,45.0,53.0,49.931372549019606,51.0,100.0,36.838235294117645,37.5,76.0,119392.74509803922,119393.0,119393.0,119393.74509803922,119394.0,119394.0,26.637254901960784,36.5,73.0,8.176470588235293,7.5,20.0
bench/bench_results/Llama-3.1-8B/NVIDIA-H200/vllm-0.18.0-cb+as/mon/default-random-512x128-2qps-200p.txt,Llama-3.1-8B,cb+as,512,128,2.0,109,426.7798165137615,500.0,583.0,46.77064220183486,49.0,53.0,48.30275229357798,52.0,55.0,69.4770642201835,100.0,100.0,49.89908256880734,70.0,76.0,119392.52293577982,119393.0,119393.0,119393.52293577982,119394.0,119394.0,38.34862385321101,52.0,94.0,11.100917431192661,16.0,20.0
bench/bench_results/Llama-3.1-8B/NVIDIA-H200/vllm-0.18.0-cb+as/mon/default-random-512x128-4qps-200p.txt,Llama-3.1-8B,cb+as,512,128,4.0,62,456.0806451612903,563.5,592.0,47.274193548387096,50.0,53.0,48.33870967741935,52.0,56.0,70.1774193548387,100.0,100.0,49.774193548387096,68.0,75.0,119392.16129032258,119393.0,119393.0,119393.16129032258,119394.0,119394.0,51.645161290322584,57.5,106.0,13.129032258064516,16.0,22.0
bench/bench_results/Llama-3.1-8B/NVIDIA-H200/vllm-0.18.0-cb+as/mon/default-random-512x128-8qps-200p.txt,Llama-3.1-8B,cb+as,512,128,8.0,38,426.13157894736844,576.0,618.0,46.0,48.5,55.0,46.21052631578947,50.0,54.0,63.55263157894737,100.0,100.0,43.6578947368421,65.5,75.0,119391.63157894737,119393.0,119393.0,119392.63157894737,119394.0,119394.0,56.63157894736842,76.0,121.0,12.421052631578947,18.0,26.0
bench/bench_results/Llama-3.1-8B/NVIDIA-H200/vllm-0.18.0-cb+as/mon/default-random-768x192-2qps-200p.txt,Llama-3.1-8B,cb+as,768,192,2.0,110,474.3,564.5,603.0,48.972727272727276,51.0,58.0,49.91818181818182,52.0,56.0,76.13636363636364,100.0,100.0,54.03636363636364,72.0,75.0,119392.52727272727,119393.0,119393.0,119393.52727272727,119394.0,119394.0,45.6,55.5,86.0,12.618181818181819,16.0,19.0
bench/bench_results/Llama-3.1-8B/NVIDIA-H200/vllm-0.18.0-cb+as/mon/default-random-768x32-2qps-200p.txt,Llama-3.1-8B,cb+as,768,32,2.0,109,261.55045871559633,271.0,500.0,40.559633027522935,40.0,50.0,39.89908256880734,39.0,49.0,22.61467889908257,0.0,100.0,15.79816513761468,0.0,76.0,119392.52293577982,119393.0,119393.0,119393.52293577982,119394.0,119394.0,15.311926605504587,0.0,81.0,4.63302752293578,0.0,18.0
bench/bench_results/Llama-3.1-8B/NVIDIA-H200/vllm-0.18.0-cb+cp/mon/default-random-128x128-2qps-200p.txt,Llama-3.1-8B,cb+cp,128,128,2.0,109,404.6880733944954,462.0,526.0,47.678899082568805,49.0,52.0,48.54128440366973,52.0,54.0,60.27522935779817,88.0,89.0,44.69724770642202,65.0,68.0,130324.28440366972,130325.0,130325.0,130325.28440366972,130326.0,130326.0,34.39449541284404,44.0,80.0,9.788990825688073,14.0,17.0
bench/bench_results/Llama-3.1-8B/NVIDIA-H200/vllm-0.18.0-cb+cp/mon/default-random-128x512-2qps-200p.txt,Llama-3.1-8B,cb+cp,128,512,2.0,112,472.20535714285717,520.0,538.0,48.5,51.0,53.0,49.723214285714285,52.0,55.0,77.35714285714286,88.0,89.0,56.88392857142857,64.0,68.0,130324.35714285714,130325.0,130325.0,130325.35714285714,130326.0,130326.0,62.919642857142854,71.0,108.0,13.9375,16.0,20.0
bench/bench_results/Llama-3.1-8B/NVIDIA-H200/vllm-0.18.0-cb+cp/mon/default-random-512x128-16qps-200p.txt,Llama-3.1-8B,cb+cp,512,128,16.0,25,358.08,146.0,632.0,48.08,42.0,61.0,45.28,40.0,54.0,42.44,0.0,91.0,26.44,0.0,66.0,130321.88,130319.0,130325.0,130322.88,130320.0,130326.0,56.84,67.0,148.0,9.56,2.0,25.0
bench/bench_results/Llama-3.1-8B/NVIDIA-H200/vllm-0.18.0-cb+cp/mon/default-random-512x128-1qps-200p.txt,Llama-3.1-8B,cb+cp,512,128,1.0,204,339.40686274509807,373.5,541.0,46.46568627450981,47.0,56.0,46.51470588235294,47.5,57.0,45.495098039215684,55.0,90.0,33.65686274509804,41.0,69.0,130324.61764705883,130325.0,130325.0,130325.61764705883,130326.0,130326.0,24.735294117647058,42.0,65.0,7.784313725490196,14.0,16.0
bench/bench_results/Llama-3.1-8B/NVIDIA-H200/vllm-0.18.0-cb+cp/mon/default-random-512x128-2qps-200p.txt,Llama-3.1-8B,cb+cp,512,128,2.0,109,420.7798165137615,500.0,560.0,51.85321100917431,54.0,58.0,51.79816513761468,54.0,58.0,65.0091743119266,88.0,90.0,48.74311926605505,66.0,70.0,130324.28440366972,130325.0,130325.0,130325.28440366972,130326.0,130326.0,35.68807339449541,45.0,91.0,9.954128440366972,14.0,19.0
bench/bench_results/Llama-3.1-8B/NVIDIA-H200/vllm-0.18.0-cb+cp/mon/default-random-512x128-4qps-200p.txt,Llama-3.1-8B,cb+cp,512,128,4.0,65,426.4,534.0,571.0,50.50769230769231,52.0,61.0,50.2,53.0,58.0,61.52307692307692,88.0,90.0,44.261538461538464,61.0,69.0,130323.52307692308,130325.0,130325.0,130324.52307692308,130326.0,130326.0,42.83076923076923,53.0,100.0,11.138461538461538,15.0,21.0
bench/bench_results/Llama-3.1-8B/NVIDIA-H200/vllm-0.18.0-cb+cp/mon/default-random-512x128-8qps-200p.txt,Llama-3.1-8B,cb+cp,512,128,8.0,38,405.63157894736844,539.0,589.0,48.6578947368421,51.0,58.0,47.78947368421053,51.5,57.0,55.94736842105263,88.0,91.0,37.23684210526316,53.5,66.0,130322.94736842105,130325.0,130325.0,130323.94736842105,130326.0,130326.0,49.18421052631579,64.5,114.0,10.18421052631579,15.0,19.0
bench/bench_results/Llama-3.1-8B/NVIDIA-H200/vllm-0.18.0-cb+cp/mon/default-random-768x192-2qps-200p.txt,Llama-3.1-8B,cb+cp,768,192,2.0,110,450.2909090909091,522.5,557.0,48.24545454545454,50.0,58.0,48.81818181818182,51.0,55.0,68.2909090909091,89.0,91.0,48.79090909090909,65.0,68.0,130324.29090909091,130325.0,130325.0,130325.29090909091,130326.0,130326.0,42.27272727272727,48.0,83.0,11.654545454545454,14.0,33.0
bench/bench_results/Llama-3.1-8B/NVIDIA-H200/vllm-0.18.0-cb+cp/mon/default-random-768x32-2qps-200p.txt,Llama-3.1-8B,cb+cp,768,32,2.0,109,261.8073394495413,261.0,504.0,40.23853211009175,40.0,49.0,39.6605504587156,39.0,47.0,26.192660550458715,0.0,91.0,18.495412844036696,0.0,68.0,130324.28440366972,130325.0,130325.0,130325.28440366972,130326.0,130326.0,14.275229357798166,0.0,70.0,4.275229357798165,0.0,17.0
bench/bench_results/Llama-3.1-8B/NVIDIA-H200/vllm-0.18.0-cb+pc/mon/default-random-128x128-2qps-200p.txt,Llama-3.1-8B,cb+pc,128,128,2.0,109,401.1651376146789,461.0,520.0,45.53211009174312,47.0,50.0,46.89908256880734,49.0,54.0,64.1743119266055,89.0,89.0,47.48623853211009,65.0,68.0,119392.52293577982,119393.0,119393.0,119393.52293577982,119394.0,119394.0,33.44954128440367,45.0,79.0,9.678899082568808,14.0,16.0
bench/bench_results/Llama-3.1-8B/NVIDIA-H200/vllm-0.18.0-cb+pc/mon/default-random-128x512-2qps-200p.txt,Llama-3.1-8B,cb+pc,128,512,2.0,112,467.60714285714283,515.0,537.0,48.526785714285715,51.0,52.0,49.80357142857143,52.0,54.0,76.67857142857143,88.0,89.0,55.6875,63.0,68.0,119392.57142857143,119393.0,119393.0,119393.57142857143,119394.0,119394.0,61.94642857142857,69.0,107.0,13.910714285714286,16.0,20.0
bench/bench_results/Llama-3.1-8B/NVIDIA-H200/vllm-0.18.0-cb+pc/mon/default-random-512x128-16qps-200p.txt,Llama-3.1-8B,cb+pc,512,128,16.0,25,352.96,166.0,626.0,43.52,42.0,54.0,41.96,43.0,51.0,42.4,0.0,91.0,25.68,0.0,60.0,119391.08,119393.0,119393.0,119392.08,119394.0,119394.0,55.76,0.0,149.0,9.48,12.0,24.0
bench/bench_results/Llama-3.1-8B/NVIDIA-H200/vllm-0.18.0-cb+pc/mon/default-random-512x128-1qps-200p.txt,Llama-3.1-8B,cb+pc,512,128,1.0,204,336.59313725490193,362.0,537.0,43.40686274509804,45.0,48.0,44.15196078431372,45.0,52.0,47.372549019607845,82.0,90.0,35.81372549019608,59.0,69.0,119392.74509803922,119393.0,119393.0,119393.74509803922,119394.0,119394.0,24.970588235294116,42.0,89.0,7.769607843137255,14.0,22.0
bench/bench_results/Llama-3.1-8B/NVIDIA-H200/vllm-0.18.0-cb+pc/mon/default-random-512x128-2qps-200p.txt,Llama-3.1-8B,cb+pc,512,128,2.0,109,411.55045871559633,486.0,544.0,47.08256880733945,49.0,54.0,48.091743119266056,51.0,54.0,64.4862385321101,89.0,90.0,46.88073394495413,64.0,69.0,119392.52293577982,119393.0,119393.0,119393.52293577982,119394.0,119394.0,35.73394495412844,45.0,83.0,10.46788990825688,14.0,27.0
bench/bench_results/Llama-3.1-8B/NVIDIA-H200/vllm-0.18.0-cb+pc/mon/default-random-512x128-4qps-200p.txt,Llama-3.1-8B,cb+pc,512,128,4.0,62,429.64516129032256,522.0,546.0,46.854838709677416,49.0,52.0,47.33870967741935,51.0,54.0,64.64516129032258,88.0,90.0,45.193548387096776,60.0,67.0,119392.16129032258,119393.0,119393.0,119393.16129032258,119394.0,119394.0,44.62903225806452,50.0,110.0,10.85483870967742,14.0,17.0
bench/bench_results/Llama-3.1-8B/NVIDIA-H200/vllm-0.18.0-cb+pc/mon/default-random-512x128-8qps-200p.txt,Llama-3.1-8B,cb+pc,512,128,8.0,38,399.7631578947368,530.5,578.0,45.68421052631579,48.0,56.0,45.18421052631579,48.5,52.0,55.89473684210526,88.0,91.0,37.526315789473685,56.5,66.0,119391.63157894737,119393.0,119393.0,119392.63157894737,119394.0,119394.0,48.63157894736842,65.5,118.0,9.947368421052632,15.0,19.0
bench/bench_results/Llama-3.1-8B/NVIDIA-H200/vllm-0.18.0-cb+pc/mon/default-random-768x192-2qps-200p.txt,Llama-3.1-8B,cb+pc,768,192,2.0,110,448.73636363636365,519.0,559.0,47.89090909090909,50.0,56.0,48.67272727272727,51.0,54.0,69.28181818181818,89.0,91.0,49.518181818181816,64.0,68.0,119392.52727272727,119393.0,119393.0,119393.52727272727,119394.0,119394.0,43.11818181818182,49.0,88.0,11.381818181818181,14.0,18.0
bench/bench_results/Llama-3.1-8B/NVIDIA-H200/vllm-0.18.0-cb+pc/mon/default-random-768x32-2qps-200p.txt,Llama-3.1-8B,cb+pc,768,32,2.0,109,259.8440366972477,268.0,484.0,40.57798165137615,40.0,50.0,39.862385321100916,39.0,48.0,25.458715596330276,0.0,90.0,18.26605504587156,0.0,68.0,119392.52293577982,119393.0,119393.0,119393.52293577982,119394.0,119394.0,15.458715596330276,0.0,74.0,4.467889908256881,0.0,19.0
bench/bench_results/Llama-3.1-8B/NVIDIA-H200/vllm-0.18.0-default/mon/default-random-128x128-2qps-200p.txt,Llama-3.1-8B,default,128,128,2.0,110,408.41818181818184,470.5,564.0,41.972727272727276,44.0,47.0,44.08181818181818,47.0,51.0,63.43636363636364,100.0,100.0,46.89090909090909,72.0,76.0,130324.29090909091,130325.0,130325.0,130325.29090909091,130326.0,130326.0,37.872727272727275,51.0,98.0,11.054545454545455,16.0,19.0
bench/bench_results/Llama-3.1-8B/NVIDIA-H200/vllm-0.18.0-default/mon/default-random-128x512-2qps-200p.txt,Llama-3.1-8B,default,128,512,2.0,111,512.2882882882883,564.0,587.0,45.792792792792795,48.0,50.0,48.52252252252252,51.0,53.0,87.2072072072072,100.0,100.0,63.86486486486486,73.0,77.0,130324.2972972973,130325.0,130325.0,130325.2972972973,130326.0,130326.0,68.11711711711712,75.0,125.0,15.927927927927929,18.0,23.0
bench/bench_results/Llama-3.1-8B/NVIDIA-H200/vllm-0.18.0-default/mon/default-random-512x128-16qps-200p.txt,Llama-3.1-8B,default,512,128,16.0,25,367.88,144.0,659.0,40.08,34.0,51.0,39.44,33.0,50.0,48.0,0.0,100.0,29.4,0.0,74.0,130321.88,130319.0,130325.0,130322.88,130320.0,130326.0,60.08,0.0,160.0,10.8,1.0,26.0
bench/bench_results/Llama-3.1-8B/NVIDIA-H200/vllm-0.18.0-default/mon/default-random-512x128-1qps-200p.txt,Llama-3.1-8B,default,512,128,1.0,205,338.64878048780486,365.0,571.0,40.09756097560975,41.0,46.0,41.014634146341464,41.0,50.0,45.05853658536585,0.0,100.0,33.33658536585366,0.0,76.0,130324.61951219512,130325.0,130325.0,130325.61951219512,130326.0,130326.0,26.141463414634146,17.0,82.0,8.06341463414634,1.0,18.0
bench/bench_results/Llama-3.1-8B/NVIDIA-H200/vllm-0.18.0-default/mon/default-random-512x128-2qps-200p.txt,Llama-3.1-8B,default,512,128,2.0,109,424.4036697247706,495.0,582.0,43.027522935779814,45.0,50.0,45.10091743119266,48.0,52.0,72.44036697247707,100.0,100.0,52.63302752293578,73.0,76.0,130324.28440366972,130325.0,130325.0,130325.28440366972,130326.0,130326.0,36.11009174311926,51.0,93.0,10.770642201834862,16.0,19.0
bench/bench_results/Llama-3.1-8B/NVIDIA-H200/vllm-0.18.0-default/mon/default-random-512x128-4qps-200p.txt,Llama-3.1-8B,default,512,128,4.0,62,456.06451612903226,560.5,593.0,43.38709677419355,46.0,52.0,45.12903225806452,48.5,52.0,71.91935483870968,100.0,100.0,51.08064516129032,68.0,76.0,130323.74193548386,130325.0,130325.0,130324.74193548386,130326.0,130326.0,46.645161290322584,57.0,97.0,12.983870967741936,16.5,21.0
bench/bench_results/Llama-3.1-8B/NVIDIA-H200/vllm-0.18.0-default/mon/default-random-512x128-8qps-200p.txt,Llama-3.1-8B,default,512,128,8.0,38,423.5263157894737,574.5,624.0,42.0,45.0,52.0,43.1578947368421,48.0,52.0,63.1578947368421,100.0,100.0,43.94736842105263,66.5,75.0,130322.94736842105,130325.0,130325.0,130323.94736842105,130326.0,130326.0,54.1578947368421,74.0,141.0,12.31578947368421,18.0,21.0
bench/bench_results/Llama-3.1-8B/NVIDIA-H200/vllm-0.18.0-default/mon/default-random-768x192-2qps-200p.txt,Llama-3.1-8B,default,768,192,2.0,110,470.57272727272726,556.0,596.0,44.63636363636363,47.0,53.0,46.70909090909091,49.0,52.0,77.69090909090909,100.0,100.0,55.74545454545454,73.0,76.0,130324.29090909091,130325.0,130325.0,130325.29090909091,130326.0,130326.0,45.03636363636364,57.0,86.0,12.363636363636363,16.0,21.0
bench/bench_results/Llama-3.1-8B/NVIDIA-H200/vllm-0.18.0-default/mon/default-random-768x32-2qps-200p.txt,Llama-3.1-8B,default,768,32,2.0,109,259.95412844036696,269.0,527.0,37.559633027522935,37.0,46.0,37.330275229357795,36.0,46.0,29.743119266055047,0.0,100.0,21.422018348623855,0.0,78.0,130324.28440366972,130325.0,130325.0,130325.28440366972,130326.0,130326.0,14.082568807339449,0.0,73.0,4.761467889908257,0.0,18.0
bench/bench_results/Llama-3.1-8B/NVIDIA-H200/vllm-0.18.0-no-opts/mon/default-random-128x128-2qps-200p.txt,Llama-3.1-8B,no-opts,128,128,2.0,168,506.04761904761904,554.0,559.0,68.18452380952381,70.0,71.0,67.0952380952381,69.0,72.0,77.54761904761905,89.0,89.0,58.74404761904762,67.0,68.0,116656.84523809524,116657.0,116657.0,116657.84523809524,116658.0,116658.0,38.30357142857143,42.0,80.0,12.398809523809524,14.0,16.0
bench/bench_results/Llama-3.1-8B/NVIDIA-H200/vllm-0.18.0-no-opts/mon/default-random-128x512-2qps-200p.txt,Llama-3.1-8B,no-opts,128,512,2.0,623,514.370786516854,537.0,542.0,58.329052969502406,59.0,60.0,59.71107544141252,61.0,62.0,83.84590690208668,89.0,89.0,63.59871589085072,67.0,68.0,116720.95826645265,116721.0,116721.0,116721.95826645265,116722.0,116722.0,40.58747993579454,42.0,83.0,13.36597110754414,14.0,16.0
bench/bench_results/Llama-3.1-8B/NVIDIA-H200/vllm-0.18.0-no-opts/mon/default-random-512x128-16qps-200p.txt,Llama-3.1-8B,no-opts,512,128,16.0,162,506.69135802469134,540.0,548.0,56.629629629629626,58.0,63.0,57.76543209876543,60.0,62.0,81.75308641975309,89.0,90.0,61.51851851851852,67.0,68.0,116776.4074074074,116781.0,116781.0,116777.4074074074,116782.0,116782.0,40.17901234567901,42.0,86.0,13.12962962962963,14.0,19.0
bench/bench_results/Llama-3.1-8B/NVIDIA-H200/vllm-0.18.0-no-opts/mon/default-random-512x128-1qps-200p.txt,Llama-3.1-8B,no-opts,512,128,1.0,206,423.90776699029124,526.0,542.0,52.55339805825243,54.0,60.0,53.05339805825243,56.0,60.0,64.2621359223301,89.0,90.0,48.29611650485437,67.0,68.0,116777.08737864078,116781.0,116781.0,116778.08737864078,116782.0,116782.0,32.26699029126213,40.0,86.0,10.063106796116505,13.0,22.0
bench/bench_results/Llama-3.1-8B/NVIDIA-H200/vllm-0.18.0-no-opts/mon/default-random-512x128-2qps-200p.txt,Llama-3.1-8B,no-opts,512,128,2.0,162,503.820987654321,537.0,546.0,56.01234567901235,58.0,61.0,57.24074074074074,59.0,62.0,81.93827160493827,89.0,90.0,61.5679012345679,67.0,68.0,116776.02469135802,116781.0,116781.0,116777.02469135802,116782.0,116782.0,39.382716049382715,41.0,85.0,12.469135802469136,13.0,18.0
bench/bench_results/Llama-3.1-8B/NVIDIA-H200/vllm-0.18.0-no-opts/mon/default-random-512x128-4qps-200p.txt,Llama-3.1-8B,no-opts,512,128,4.0,172,482.4418604651163,536.0,545.0,55.73255813953488,58.0,61.0,56.656976744186046,59.0,62.0,76.5813953488372,89.0,90.0,57.55813953488372,67.0,68.0,116776.31395348837,116781.0,116781.0,116777.31395348837,116782.0,116782.0,36.71511627906977,41.0,86.0,11.715116279069768,13.0,18.0
bench/bench_results/Llama-3.1-8B/NVIDIA-H200/vllm-0.18.0-no-opts/mon/default-random-512x128-8qps-200p.txt,Llama-3.1-8B,no-opts,512,128,8.0,162,502.94444444444446,535.0,543.0,56.0,58.0,61.0,57.25308641975309,59.0,62.0,81.70370370370371,89.0,90.0,61.53086419753087,67.0,68.0,116776.02469135802,116781.0,116781.0,116777.02469135802,116782.0,116782.0,40.34567901234568,42.0,86.0,13.351851851851851,14.0,47.0
bench/bench_results/Llama-3.1-8B/NVIDIA-H200/vllm-0.18.0-no-opts/mon/default-random-768x192-2qps-200p.txt,Llama-3.1-8B,no-opts,768,192,2.0,239,511.1338912133891,537.0,545.0,56.33054393305439,58.0,64.0,57.50209205020921,60.0,62.0,83.4979079497908,89.0,90.0,62.7489539748954,67.0,68.0,116819.23430962343,116825.0,116825.0,116820.23430962343,116826.0,116826.0,40.48953974895397,42.0,67.0,13.564853556485355,14.0,41.0
bench/bench_results/Llama-3.1-8B/NVIDIA-H200/vllm-0.18.0-no-opts/mon/default-random-768x32-2qps-200p.txt,Llama-3.1-8B,no-opts,768,32,2.0,109,294.26605504587155,295.0,560.0,52.19266055045872,52.0,59.0,50.211009174311926,49.0,59.0,35.15596330275229,4.0,91.0,25.605504587155963,2.0,68.0,116812.35779816513,116825.0,116825.0,116813.35779816513,116826.0,116826.0,16.03669724770642,0.0,79.0,5.064220183486238,0.0,18.0
bench/bench_results/Llama-3.2-3B/NVIDIA-H200/vllm-0.18.0-all+q/mon/default-random-128x128-2qps-200p.txt,Llama-3.2-3B,all+q,128,128,2.0,115,315.62608695652176,334.0,488.0,46.791304347826085,47.0,53.0,42.63478260869565,43.0,48.0,60.278260869565216,100.0,100.0,17.356521739130436,18.0,35.0,130558.49565217391,130559.0,130559.0,130559.49565217391,130560.0,130560.0,27.643478260869564,41.0,69.0,6.886956521739131,10.0,15.0
bench/bench_results/Llama-3.2-3B/NVIDIA-H200/vllm-0.18.0-all+q/mon/default-random-128x512-2qps-200p.txt,Llama-3.2-3B,all+q,128,512,2.0,112,452.4375,497.0,509.0,54.94642857142857,58.0,59.0,49.5625,52.0,54.0,87.79464285714286,100.0,100.0,30.321428571428573,34.0,36.0,130686.53571428571,130687.0,130687.0,130687.53571428571,130688.0,130688.0,55.61607142857143,59.0,109.0,11.901785714285714,13.0,39.0
bench/bench_results/Llama-3.2-3B/NVIDIA-H200/vllm-0.18.0-all+q/mon/default-random-512x128-16qps-200p.txt,Llama-3.2-3B,all+q,512,128,16.0,26,295.03846153846155,265.5,484.0,41.38461538461539,39.5,49.0,37.46153846153846,36.0,44.0,41.42307692307692,32.0,100.0,15.115384615384615,11.0,35.0,130685.0,130685.0,130687.0,130686.0,130686.0,130688.0,57.57692307692308,3.0,212.0,9.5,0.5,29.0
bench/bench_results/Llama-3.2-3B/NVIDIA-H200/vllm-0.18.0-all+q/mon/default-random-512x128-1qps-200p.txt,Llama-3.2-3B,all+q,512,128,1.0,205,243.0878048780488,230.0,480.0,41.795121951219514,41.0,49.0,38.50731707317073,38.0,44.0,39.40975609756097,0.0,100.0,9.541463414634146,0.0,34.0,130686.58048780488,130687.0,130687.0,130687.58048780488,130688.0,130688.0,19.68780487804878,0.0,63.0,5.117073170731707,1.0,18.0
bench/bench_results/Llama-3.2-3B/NVIDIA-H200/vllm-0.18.0-all+q/mon/default-random-512x128-2qps-200p.txt,Llama-3.2-3B,all+q,512,128,2.0,110,333.41818181818184,339.5,486.0,44.4,45.0,50.0,40.71818181818182,42.0,45.0,64.86363636363636,97.0,100.0,18.836363636363636,18.0,34.0,130686.5090909091,130687.0,130687.0,130687.5090909091,130688.0,130688.0,30.98181818181818,40.0,82.0,7.545454545454546,10.0,36.0
bench/bench_results/Llama-3.2-3B/NVIDIA-H200/vllm-0.18.0-all+q/mon/default-random-512x128-4qps-200p.txt,Llama-3.2-3B,all+q,512,128,4.0,62,385.80645161290323,472.0,486.0,45.806451612903224,48.0,51.0,41.645161290322584,44.0,46.0,70.01612903225806,91.0,100.0,23.161290322580644,31.0,35.0,130686.16129032258,130687.0,130687.0,130687.16129032258,130688.0,130688.0,39.854838709677416,43.0,90.0,9.758064516129032,12.0,19.0
bench/bench_results/Llama-3.2-3B/NVIDIA-H200/vllm-0.18.0-all+q/mon/default-random-512x128-8qps-200p.txt,Llama-3.2-3B,all+q,512,128,8.0,38,349.8157894736842,463.5,485.0,43.76315789473684,46.0,50.0,39.68421052631579,42.5,45.0,57.578947368421055,84.5,100.0,20.394736842105264,29.5,37.0,130685.63157894737,130687.0,130687.0,130686.63157894737,130688.0,130688.0,48.60526315789474,57.5,109.0,9.31578947368421,13.0,20.0
bench/bench_results/Llama-3.2-3B/NVIDIA-H200/vllm-0.18.0-all+q/mon/default-random-768x192-2qps-200p.txt,Llama-3.2-3B,all+q,768,192,2.0,110,400.41818181818184,480.5,500.0,50.263636363636365,52.0,54.0,46.20909090909091,48.0,50.0,78.06363636363636,100.0,100.0,25.21818181818182,34.0,36.0,130686.5090909091,130687.0,130687.0,130687.5090909091,130688.0,130688.0,40.32727272727273,44.0,92.0,9.572727272727272,12.0,16.0
bench/bench_results/Llama-3.2-3B/NVIDIA-H200/vllm-0.18.0-all+q/mon/default-random-768x32-2qps-200p.txt,Llama-3.2-3B,all+q,768,32,2.0,109,196.6697247706422,196.0,397.0,43.37614678899082,43.0,49.0,39.87155963302752,39.0,44.0,23.568807339449542,0.0,100.0,5.614678899082569,0.0,34.0,130686.37614678899,130687.0,130687.0,130687.37614678899,130688.0,130688.0,11.660550458715596,0.0,76.0,2.467889908256881,0.0,13.0
bench/bench_results/Llama-3.2-3B/NVIDIA-H200/vllm-0.18.0-all+sd(1B)/mon/default-random-128x128-2qps-200p.txt,Llama-3.2-3B,all+sd(1B),128,128,2.0,111,212.77477477477478,235.0,245.0,44.27927927927928,45.0,46.0,41.990990990990994,43.0,43.0,32.54054054054054,42.0,45.0,13.387387387387387,17.0,19.0,130214.53153153154,130215.0,130215.0,130215.53153153154,130216.0,130216.0,84.97297297297297,108.0,122.0,14.342342342342342,18.0,21.0
bench/bench_results/Llama-3.2-3B/NVIDIA-H200/vllm-0.18.0-all+sd(1B)/mon/default-random-128x512-2qps-200p.txt,Llama-3.2-3B,all+sd(1B),128,512,2.0,111,231.1891891891892,243.0,273.0,43.11711711711712,44.0,45.0,40.88288288288288,42.0,43.0,39.126126126126124,44.0,49.0,15.99099099099099,18.0,20.0,130214.53153153154,130215.0,130215.0,130215.53153153154,130216.0,130216.0,102.09909909909909,118.0,130.0,16.73873873873874,20.0,22.0
bench/bench_results/Llama-3.2-3B/NVIDIA-H200/vllm-0.18.0-all+sd(1B)/mon/default-random-512x128-16qps-200p.txt,Llama-3.2-3B,all+sd(1B),512,128,16.0,26,236.19230769230768,208.5,399.0,42.69230769230769,42.5,49.0,39.19230769230769,39.0,43.0,28.192307692307693,43.5,64.0,11.0,18.0,24.0,130212.84615384616,130212.0,130215.0,130213.84615384616,130213.0,130216.0,68.1923076923077,56.5,187.0,10.192307692307692,9.0,24.0
bench/bench_results/Llama-3.2-3B/NVIDIA-H200/vllm-0.18.0-all+sd(1B)/mon/default-random-512x128-1qps-200p.txt,Llama-3.2-3B,all+sd(1B),512,128,1.0,205,201.49756097560976,218.0,258.0,42.614634146341466,43.0,48.0,40.229268292682924,40.0,44.0,25.878048780487806,43.0,49.0,10.614634146341464,17.0,20.0,130212.8731707317,130213.0,130213.0,130213.8731707317,130214.0,130214.0,66.22926829268293,106.0,128.0,11.21951219512195,17.0,22.0
bench/bench_results/Llama-3.2-3B/NVIDIA-H200/vllm-0.18.0-all+sd(1B)/mon/default-random-512x128-2qps-200p.txt,Llama-3.2-3B,all+sd(1B),512,128,2.0,110,221.1090909090909,242.0,264.0,42.92727272727273,44.0,47.0,40.53636363636364,41.0,43.0,34.82727272727273,44.0,49.0,14.063636363636364,18.0,20.0,130212.76363636364,130213.0,130213.0,130213.76363636364,130214.0,130214.0,87.0,112.0,128.0,14.436363636363636,18.0,21.0
bench/bench_results/Llama-3.2-3B/NVIDIA-H200/vllm-0.18.0-all+sd(1B)/mon/default-random-512x128-4qps-200p.txt,Llama-3.2-3B,all+sd(1B),512,128,4.0,62,231.40322580645162,251.0,289.0,44.54838709677419,45.0,47.0,41.96774193548387,43.0,43.0,35.774193548387096,44.5,50.0,14.32258064516129,18.0,20.0,130212.58064516129,130213.0,130213.0,130213.58064516129,130214.0,130214.0,90.01612903225806,116.0,138.0,14.758064516129032,19.0,21.0
bench/bench_results/Llama-3.2-3B/NVIDIA-H200/vllm-0.18.0-all+sd(1B)/mon/default-random-512x128-8qps-200p.txt,Llama-3.2-3B,all+sd(1B),512,128,8.0,38,231.3421052631579,269.0,320.0,43.1578947368421,44.0,51.0,40.1578947368421,41.0,43.0,31.36842105263158,46.0,53.0,12.473684210526315,18.0,20.0,130212.31578947368,130213.0,130213.0,130213.31578947368,130214.0,130214.0,74.36842105263158,113.5,129.0,12.631578947368421,18.0,23.0
bench/bench_results/Llama-3.2-3B/NVIDIA-H200/vllm-0.18.0-all+sd(1B)/mon/default-random-768x192-2qps-200p.txt,Llama-3.2-3B,all+sd(1B),768,192,2.0,110,233.33636363636364,250.0,288.0,43.38181818181818,44.0,50.0,41.054545454545455,42.0,44.0,37.17272727272727,45.0,55.0,15.118181818181819,18.0,20.0,130212.76363636364,130213.0,130213.0,130213.76363636364,130214.0,130214.0,93.0909090909091,114.0,128.0,15.636363636363637,19.0,22.0
bench/bench_results/Llama-3.2-3B/NVIDIA-H200/vllm-0.18.0-all+sd(1B)/mon/default-random-768x32-2qps-200p.txt,Llama-3.2-3B,all+sd(1B),768,32,2.0,110,202.78181818181818,211.0,281.0,39.68181818181818,40.0,43.0,37.14545454545455,38.0,40.0,26.12727272727273,43.0,60.0,10.627272727272727,17.0,20.0,130212.76363636364,130213.0,130213.0,130213.76363636364,130214.0,130214.0,58.93636363636364,89.5,128.0,10.4,16.0,36.0
bench/bench_results/Llama-3.2-3B/NVIDIA-H200/vllm-0.18.0-all+sd(1B+p)/mon/default-random-128x128-2qps-200p.txt,Llama-3.2-3B,all+sd(1B+p),128,128,2.0,109,205.3302752293578,209.0,317.0,42.77981651376147,43.0,45.0,40.45871559633027,40.0,43.0,26.009174311926607,0.0,74.0,10.743119266055047,0.0,31.0,130214.52293577982,130215.0,130215.0,130215.52293577982,130216.0,130216.0,43.8348623853211,0.0,132.0,9.293577981651376,1.0,31.0
bench/bench_results/Llama-3.2-3B/NVIDIA-H200/vllm-0.18.0-all+sd(1B+p)/mon/default-random-128x512-2qps-200p.txt,Llama-3.2-3B,all+sd(1B+p),128,512,2.0,109,265.29357798165137,298.0,335.0,45.45871559633027,46.0,48.0,42.92660550458716,44.0,45.0,51.54128440366973,70.0,73.0,21.81651376146789,30.0,31.0,130214.52293577982,130215.0,130215.0,130215.52293577982,130216.0,130216.0,87.05504587155963,117.0,140.0,17.0,22.0,74.0
bench/bench_results/Llama-3.2-3B/NVIDIA-H200/vllm-0.18.0-all+sd(1B+p)/mon/default-random-512x128-16qps-200p.txt,Llama-3.2-3B,all+sd(1B+p),512,128,16.0,25,252.48,138.0,435.0,40.88,39.0,48.0,37.24,36.0,43.0,35.48,4.0,85.0,13.88,2.0,34.0,130212.68,130211.0,130215.0,130213.68,130212.0,130216.0,59.32,4.0,150.0,10.8,1.0,26.0
bench/bench_results/Llama-3.2-3B/NVIDIA-H200/vllm-0.18.0-all+sd(1B+p)/mon/default-random-512x128-1qps-200p.txt,Llama-3.2-3B,all+sd(1B+p),512,128,1.0,204,180.32843137254903,179.5,306.0,42.127450980392155,42.0,46.0,39.38725490196079,39.0,43.0,20.99019607843137,0.0,74.0,8.691176470588236,0.0,31.0,130212.87254901961,130213.0,130213.0,130213.87254901961,130214.0,130214.0,32.490196078431374,0.0,133.0,6.083333333333333,0.0,26.0
bench/bench_results/Llama-3.2-3B/NVIDIA-H200/vllm-0.18.0-all+sd(1B+p)/mon/default-random-512x128-2qps-200p.txt,Llama-3.2-3B,all+sd(1B+p),512,128,2.0,109,206.10091743119267,207.0,315.0,38.85321100917431,39.0,42.0,36.642201834862384,36.0,40.0,26.743119266055047,0.0,73.0,11.045871559633028,0.0,31.0,130212.76146788991,130213.0,130213.0,130213.76146788991,130214.0,130214.0,48.71559633027523,0.0,134.0,8.954128440366972,0.0,26.0
bench/bench_results/Llama-3.2-3B/NVIDIA-H200/vllm-0.18.0-all+sd(1B+p)/mon/default-random-512x128-4qps-200p.txt,Llama-3.2-3B,all+sd(1B+p),512,128,4.0,61,240.45901639344262,254.0,338.0,39.622950819672134,40.0,45.0,37.18032786885246,38.0,41.0,37.78688524590164,64.0,73.0,15.60655737704918,26.0,31.0,130212.5737704918,130213.0,130213.0,130213.5737704918,130214.0,130214.0,70.37704918032787,107.0,137.0,13.37704918032787,21.0,40.0
bench/bench_results/Llama-3.2-3B/NVIDIA-H200/vllm-0.18.0-all+sd(1B+p)/mon/default-random-512x128-8qps-200p.txt,Llama-3.2-3B,all+sd(1B+p),512,128,8.0,38,255.8421052631579,303.0,369.0,40.28947368421053,42.0,45.0,37.526315789473685,39.0,42.0,42.5,68.5,77.0,17.13157894736842,27.0,31.0,130212.31578947368,130213.0,130213.0,130213.31578947368,130214.0,130214.0,67.86842105263158,107.0,149.0,12.736842105263158,21.0,25.0
bench/bench_results/Llama-3.2-3B/NVIDIA-H200/vllm-0.18.0-all+sd(1B+p)/mon/default-random-768x192-2qps-200p.txt,Llama-3.2-3B,all+sd(1B+p),768,192,2.0,110,236.75454545454545,241.5,351.0,44.29090909090909,44.0,50.0,41.68181818181818,43.0,44.0,41.81818181818182,67.0,80.0,17.354545454545455,28.0,32.0,130212.76363636364,130213.0,130213.0,130213.76363636364,130214.0,130214.0,63.163636363636364,97.5,140.0,11.736363636363636,18.0,26.0
bench/bench_results/Llama-3.2-3B/NVIDIA-H200/vllm-0.18.0-all+sd(1B+p)/mon/default-random-768x32-2qps-200p.txt,Llama-3.2-3B,all+sd(1B+p),768,32,2.0,109,185.651376146789,188.0,289.0,42.41284403669725,42.0,47.0,39.559633027522935,39.0,43.0,23.128440366972477,0.0,80.0,9.431192660550458,0.0,31.0,130212.76146788991,130213.0,130213.0,130213.76146788991,130214.0,130214.0,22.65137614678899,0.0,150.0,4.293577981651376,0.0,26.0
bench/bench_results/Llama-3.2-3B/NVIDIA-H200/vllm-0.18.0-cb/mon/default-random-128x128-2qps-200p.txt,Llama-3.2-3B,cb,128,128,2.0,115,280.37391304347824,298.0,427.0,44.25217391304348,44.0,49.0,43.06956521739131,43.0,50.0,44.278260869565216,65.0,84.0,22.721739130434784,34.0,46.0,124650.30434782608,124651.0,124651.0,124651.30434782608,124652.0,124652.0,27.104347826086958,15.0,74.0,7.478260869565218,10.0,26.0
bench/bench_results/Llama-3.2-3B/NVIDIA-H200/vllm-0.18.0-cb/mon/default-random-128x512-2qps-200p.txt,Llama-3.2-3B,cb,128,512,2.0,111,372.963963963964,409.0,429.0,48.909909909909906,51.0,53.0,47.711711711711715,49.0,52.0,70.6036036036036,83.0,84.0,35.729729729729726,41.0,45.0,124650.2972972973,124651.0,124651.0,124651.2972972973,124652.0,124652.0,66.98198198198199,72.0,126.0,13.873873873873874,16.0,20.0
bench/bench_results/Llama-3.2-3B/NVIDIA-H200/vllm-0.18.0-cb/mon/default-random-512x128-16qps-200p.txt,Llama-3.2-3B,cb,512,128,16.0,25,276.64,135.0,455.0,40.2,37.0,48.0,38.4,35.0,46.0,38.72,0.0,82.0,17.88,0.0,41.0,124647.88,124645.0,124651.0,124648.88,124646.0,124652.0,60.88,0.0,161.0,9.12,1.0,22.0
bench/bench_results/Llama-3.2-3B/NVIDIA-H200/vllm-0.18.0-cb/mon/default-random-512x128-1qps-200p.txt,Llama-3.2-3B,cb,512,128,1.0,205,239.49268292682927,239.0,407.0,42.17560975609756,42.0,47.0,40.985365853658536,41.0,48.0,32.17560975609756,0.0,84.0,16.536585365853657,0.0,44.0,124650.61951219512,124651.0,124651.0,124651.61951219512,124652.0,124652.0,22.434146341463414,0.0,89.0,5.907317073170732,1.0,16.0
bench/bench_results/Llama-3.2-3B/NVIDIA-H200/vllm-0.18.0-cb/mon/default-random-512x128-2qps-200p.txt,Llama-3.2-3B,cb,512,128,2.0,109,293.3394495412844,315.0,414.0,41.31192660550459,42.0,45.0,40.77981651376147,42.0,46.0,45.19266055045872,74.0,84.0,22.862385321100916,37.0,44.0,124650.28440366972,124651.0,124651.0,124651.28440366972,124652.0,124652.0,30.220183486238533,49.0,80.0,8.091743119266056,13.0,16.0
bench/bench_results/Llama-3.2-3B/NVIDIA-H200/vllm-0.18.0-cb/mon/default-random-512x128-4qps-200p.txt,Llama-3.2-3B,cb,512,128,4.0,62,318.7903225806452,376.0,415.0,42.03225806451613,43.0,46.0,41.25806451612903,43.0,46.0,54.45161290322581,82.0,84.0,27.032258064516128,40.0,44.0,124649.74193548386,124651.0,124651.0,124650.74193548386,124652.0,124652.0,47.5,52.5,113.0,11.048387096774194,14.0,22.0
bench/bench_results/Llama-3.2-3B/NVIDIA-H200/vllm-0.18.0-cb/mon/default-random-512x128-8qps-200p.txt,Llama-3.2-3B,cb,512,128,8.0,38,309.2894736842105,401.5,435.0,41.18421052631579,43.0,46.0,39.94736842105263,42.5,45.0,51.89473684210526,82.0,84.0,24.973684210526315,39.0,42.0,124648.94736842105,124651.0,124651.0,124649.94736842105,124652.0,124652.0,51.8421052631579,67.5,135.0,10.605263157894736,15.0,21.0
bench/bench_results/Llama-3.2-3B/NVIDIA-H200/vllm-0.18.0-cb/mon/default-random-768x192-2qps-200p.txt,Llama-3.2-3B,cb,768,192,2.0,110,335.55454545454546,389.0,435.0,48.30909090909091,49.5,56.0,46.872727272727275,48.0,53.0,57.5,83.0,85.0,29.9,42.0,46.0,124650.29090909091,124651.0,124651.0,124651.29090909091,124652.0,124652.0,42.86363636363637,54.0,92.0,10.49090909090909,14.0,17.0
bench/bench_results/Llama-3.2-3B/NVIDIA-H200/vllm-0.18.0-cb/mon/default-random-768x32-2qps-200p.txt,Llama-3.2-3B,cb,768,32,2.0,109,199.32110091743118,203.0,338.0,41.26605504587156,41.0,44.0,39.5045871559633,39.0,43.0,15.293577981651376,0.0,84.0,7.73394495412844,0.0,44.0,124650.28440366972,124651.0,124651.0,124651.28440366972,124652.0,124652.0,9.926605504587156,0.0,87.0,3.091743119266055,0.0,18.0
bench/bench_results/Llama-3.2-3B/NVIDIA-H200/vllm-0.18.0-cb+as/mon/default-random-128x128-2qps-200p.txt,Llama-3.2-3B,cb+as,128,128,2.0,109,301.8807339449541,316.0,463.0,41.42201834862385,42.0,46.0,41.018348623853214,42.0,48.0,52.54128440366973,64.0,100.0,27.36697247706422,33.0,54.0,124650.28440366972,124651.0,124651.0,124651.28440366972,124652.0,124652.0,33.41284403669725,43.0,84.0,8.825688073394495,9.0,19.0
bench/bench_results/Llama-3.2-3B/NVIDIA-H200/vllm-0.18.0-cb+as/mon/default-random-128x512-2qps-200p.txt,Llama-3.2-3B,cb+as,128,512,2.0,110,404.0272727272727,446.5,476.0,45.68181818181818,48.0,49.0,45.69090909090909,47.0,51.0,85.17272727272727,100.0,100.0,41.627272727272725,48.0,52.0,124650.29090909091,124651.0,124651.0,124651.29090909091,124652.0,124652.0,74.41818181818182,82.0,125.0,16.29090909090909,18.0,26.0
bench/bench_results/Llama-3.2-3B/NVIDIA-H200/vllm-0.18.0-cb+as/mon/default-random-512x128-16qps-200p.txt,Llama-3.2-3B,cb+as,512,128,16.0,25,305.4,148.0,520.0,41.2,38.0,48.0,39.44,36.0,48.0,47.6,0.0,100.0,22.48,0.0,52.0,124648.04,124649.0,124651.0,124649.04,124650.0,124652.0,64.68,42.0,184.0,11.4,16.0,25.0
bench/bench_results/Llama-3.2-3B/NVIDIA-H200/vllm-0.18.0-cb+as/mon/default-random-512x128-1qps-200p.txt,Llama-3.2-3B,cb+as,512,128,1.0,205,241.24878048780488,250.0,451.0,40.42926829268293,40.0,46.0,39.51219512195122,38.0,47.0,35.31219512195122,0.0,100.0,18.429268292682927,0.0,55.0,124650.61951219512,124651.0,124651.0,124651.61951219512,124652.0,124652.0,22.278048780487804,0.0,103.0,6.04390243902439,0.0,19.0
bench/bench_results/Llama-3.2-3B/NVIDIA-H200/vllm-0.18.0-cb+as/mon/default-random-512x128-2qps-200p.txt,Llama-3.2-3B,cb+as,512,128,2.0,109,305.74311926605503,331.0,459.0,41.87155963302752,42.0,48.0,41.44954128440367,42.0,49.0,49.027522935779814,53.0,100.0,24.972477064220183,28.0,53.0,124650.28440366972,124651.0,124651.0,124651.28440366972,124652.0,124652.0,33.04587155963303,34.0,88.0,9.18348623853211,14.0,22.0
bench/bench_results/Llama-3.2-3B/NVIDIA-H200/vllm-0.18.0-cb+as/mon/default-random-512x128-4qps-200p.txt,Llama-3.2-3B,cb+as,512,128,4.0,61,346.04918032786884,398.0,467.0,43.0,45.0,47.0,42.34426229508197,44.0,48.0,64.68852459016394,99.0,100.0,32.08196721311475,48.0,52.0,124649.72131147541,124651.0,124651.0,124650.72131147541,124652.0,124652.0,53.868852459016395,60.0,157.0,11.98360655737705,17.0,23.0
bench/bench_results/Llama-3.2-3B/NVIDIA-H200/vllm-0.18.0-cb+as/mon/default-random-512x128-8qps-200p.txt,Llama-3.2-3B,cb+as,512,128,8.0,37,347.97297297297297,453.0,492.0,42.75675675675676,45.0,50.0,41.810810810810814,44.0,50.0,61.0,99.0,100.0,29.89189189189189,47.0,51.0,124649.0,124651.0,124651.0,124650.0,124652.0,124652.0,61.62162162162162,81.0,132.0,12.675675675675675,19.0,22.0
bench/bench_results/Llama-3.2-3B/NVIDIA-H200/vllm-0.18.0-cb+as/mon/default-random-768x192-2qps-200p.txt,Llama-3.2-3B,cb+as,768,192,2.0,110,348.6545454545454,393.0,470.0,44.09090909090909,46.0,51.0,43.75454545454546,45.5,49.0,67.06363636363636,100.0,100.0,33.627272727272725,49.0,53.0,124650.29090909091,124651.0,124651.0,124651.29090909091,124652.0,124652.0,46.32727272727273,61.0,101.0,11.863636363636363,17.0,20.0
bench/bench_results/Llama-3.2-3B/NVIDIA-H200/vllm-0.18.0-cb+as/mon/default-random-768x32-2qps-200p.txt,Llama-3.2-3B,cb+as,768,32,2.0,109,195.90825688073394,199.0,337.0,37.669724770642205,37.0,45.0,36.1651376146789,36.0,42.0,13.403669724770642,0.0,99.0,7.055045871559633,0.0,53.0,124650.28440366972,124651.0,124651.0,124651.28440366972,124652.0,124652.0,14.0,0.0,84.0,3.81651376146789,0.0,20.0
bench/bench_results/Llama-3.2-3B/NVIDIA-H200/vllm-0.18.0-cb+cp/mon/default-random-128x128-2qps-200p.txt,Llama-3.2-3B,cb+cp,128,128,2.0,115,281.2086956521739,293.0,417.0,45.97391304347826,46.0,50.0,44.62608695652174,45.0,51.0,42.3304347826087,45.0,84.0,21.860869565217392,24.0,45.0,130140.23478260869,130141.0,130141.0,130141.23478260869,130142.0,130142.0,28.269565217391303,42.0,103.0,7.573913043478261,13.0,34.0
bench/bench_results/Llama-3.2-3B/NVIDIA-H200/vllm-0.18.0-cb+cp/mon/default-random-128x512-2qps-200p.txt,Llama-3.2-3B,cb+cp,128,512,2.0,111,366.6306306306306,401.0,419.0,47.42342342342342,48.0,50.0,46.810810810810814,48.0,50.0,71.37837837837837,83.0,84.0,35.27927927927928,41.0,45.0,130140.2972972973,130141.0,130141.0,130141.2972972973,130142.0,130142.0,66.93693693693693,72.0,126.0,13.765765765765765,15.0,20.0
bench/bench_results/Llama-3.2-3B/NVIDIA-H200/vllm-0.18.0-cb+cp/mon/default-random-512x128-16qps-200p.txt,Llama-3.2-3B,cb+cp,512,128,16.0,25,275.92,134.0,458.0,40.08,37.0,46.0,38.32,35.0,45.0,38.68,0.0,82.0,18.36,0.0,42.0,130137.88,130135.0,130141.0,130138.88,130136.0,130142.0,57.64,0.0,167.0,9.16,1.0,21.0
bench/bench_results/Llama-3.2-3B/NVIDIA-H200/vllm-0.18.0-cb+cp/mon/default-random-512x128-1qps-200p.txt,Llama-3.2-3B,cb+cp,512,128,1.0,205,235.4780487804878,238.0,406.0,39.292682926829265,39.0,44.0,38.64878048780488,38.0,45.0,34.46341463414634,0.0,84.0,17.960975609756098,0.0,45.0,130140.51219512195,130141.0,130141.0,130141.51219512195,130142.0,130142.0,22.297560975609755,0.0,92.0,5.809756097560975,1.0,17.0
bench/bench_results/Llama-3.2-3B/NVIDIA-H200/vllm-0.18.0-cb+cp/mon/default-random-512x128-2qps-200p.txt,Llama-3.2-3B,cb+cp,512,128,2.0,109,293.908256880734,312.0,413.0,41.61467889908257,43.0,47.0,40.93577981651376,42.0,46.0,48.36697247706422,82.0,84.0,24.807339449541285,39.0,45.0,130140.26605504587,130141.0,130141.0,130141.26605504587,130142.0,130142.0,32.1651376146789,49.0,110.0,8.20183486238532,13.0,17.0
bench/bench_results/Llama-3.2-3B/NVIDIA-H200/vllm-0.18.0-cb+cp/mon/default-random-512x128-4qps-200p.txt,Llama-3.2-3B,cb+cp,512,128,4.0,61,321.72131147540983,384.0,418.0,42.08196721311475,44.0,46.0,41.22950819672131,43.0,47.0,55.42622950819672,82.0,84.0,27.508196721311474,39.0,45.0,130139.72131147541,130141.0,130141.0,130140.72131147541,130142.0,130142.0,46.459016393442624,53.0,93.0,10.967213114754099,14.0,18.0
bench/bench_results/Llama-3.2-3B/NVIDIA-H200/vllm-0.18.0-cb+cp/mon/default-random-512x128-8qps-200p.txt,Llama-3.2-3B,cb+cp,512,128,8.0,38,309.89473684210526,402.0,435.0,41.26315789473684,43.0,47.0,40.18421052631579,43.0,46.0,51.973684210526315,82.0,83.0,25.236842105263158,39.0,42.0,130138.94736842105,130141.0,130141.0,130139.94736842105,130142.0,130142.0,52.078947368421055,68.5,113.0,10.236842105263158,15.0,21.0
bench/bench_results/Llama-3.2-3B/NVIDIA-H200/vllm-0.18.0-cb+cp/mon/default-random-768x192-2qps-200p.txt,Llama-3.2-3B,cb+cp,768,192,2.0,110,327.3909090909091,373.0,421.0,43.00909090909091,44.0,49.0,42.472727272727276,44.0,47.0,57.67272727272727,83.0,86.0,29.254545454545454,41.0,45.0,130140.27272727272,130141.0,130141.0,130141.27272727272,130142.0,130142.0,42.41818181818182,54.0,86.0,10.572727272727272,14.0,17.0
bench/bench_results/Llama-3.2-3B/NVIDIA-H200/vllm-0.18.0-cb+cp/mon/default-random-768x32-2qps-200p.txt,Llama-3.2-3B,cb+cp,768,32,2.0,109,199.6880733944954,203.0,339.0,42.72477064220183,42.0,46.0,40.71559633027523,41.0,46.0,15.715596330275229,0.0,84.0,8.073394495412844,0.0,44.0,130140.1376146789,130141.0,130141.0,130141.1376146789,130142.0,130142.0,11.357798165137615,0.0,85.0,3.0825688073394497,0.0,18.0
bench/bench_results/Llama-3.2-3B/NVIDIA-H200/vllm-0.18.0-cb+pc/mon/default-random-128x128-2qps-200p.txt,Llama-3.2-3B,cb+pc,128,128,2.0,115,281.8,299.0,416.0,46.391304347826086,47.0,51.0,44.78260869565217,45.0,52.0,44.71304347826087,56.0,84.0,22.747826086956522,29.0,44.0,124650.30434782608,124651.0,124651.0,124651.30434782608,124652.0,124652.0,27.52173913043478,10.0,76.0,6.947826086956522,2.0,15.0
bench/bench_results/Llama-3.2-3B/NVIDIA-H200/vllm-0.18.0-cb+pc/mon/default-random-128x512-2qps-200p.txt,Llama-3.2-3B,cb+pc,128,512,2.0,111,365.73873873873873,400.0,422.0,47.567567567567565,49.0,51.0,46.77477477477478,48.0,51.0,71.55855855855856,83.0,84.0,35.207207207207205,40.0,45.0,124650.2972972973,124651.0,124651.0,124651.2972972973,124652.0,124652.0,65.82882882882883,74.0,121.0,13.531531531531531,15.0,19.0
bench/bench_results/Llama-3.2-3B/NVIDIA-H200/vllm-0.18.0-cb+pc/mon/default-random-512x128-16qps-200p.txt,Llama-3.2-3B,cb+pc,512,128,16.0,25,278.48,138.0,467.0,40.76,37.0,47.0,38.68,36.0,46.0,38.24,0.0,83.0,18.68,0.0,44.0,124647.88,124645.0,124651.0,124648.88,124646.0,124652.0,57.52,0.0,175.0,9.48,1.0,23.0
bench/bench_results/Llama-3.2-3B/NVIDIA-H200/vllm-0.18.0-cb+pc/mon/default-random-512x128-1qps-200p.txt,Llama-3.2-3B,cb+pc,512,128,1.0,205,236.4878048780488,251.0,407.0,39.1609756097561,39.0,43.0,38.58536585365854,38.0,44.0,34.41463414634146,0.0,84.0,18.2,0.0,46.0,124650.61951219512,124651.0,124651.0,124651.61951219512,124652.0,124652.0,19.702439024390245,0.0,91.0,5.409756097560976,1.0,27.0
bench/bench_results/Llama-3.2-3B/NVIDIA-H200/vllm-0.18.0-cb+pc/mon/default-random-512x128-2qps-200p.txt,Llama-3.2-3B,cb+pc,512,128,2.0,109,291.07339449541286,307.0,409.0,40.89908256880734,42.0,46.0,40.54128440366973,42.0,46.0,49.26605504587156,82.0,84.0,24.96330275229358,39.0,44.0,124650.28440366972,124651.0,124651.0,124651.28440366972,124652.0,124652.0,30.009174311926607,49.0,98.0,7.63302752293578,13.0,20.0
bench/bench_results/Llama-3.2-3B/NVIDIA-H200/vllm-0.18.0-cb+pc/mon/default-random-512x128-4qps-200p.txt,Llama-3.2-3B,cb+pc,512,128,4.0,61,321.5245901639344,375.0,414.0,41.81967213114754,43.0,46.0,41.39344262295082,43.0,47.0,58.40983606557377,83.0,84.0,29.0327868852459,40.0,44.0,124649.72131147541,124651.0,124651.0,124650.72131147541,124652.0,124652.0,46.59016393442623,52.0,118.0,10.819672131147541,14.0,20.0
bench/bench_results/Llama-3.2-3B/NVIDIA-H200/vllm-0.18.0-cb+pc/mon/default-random-512x128-8qps-200p.txt,Llama-3.2-3B,cb+pc,512,128,8.0,38,308.2894736842105,399.0,432.0,41.18421052631579,43.0,47.0,40.0,42.0,46.0,51.8421052631579,81.0,84.0,24.894736842105264,37.5,43.0,124649.1052631579,124651.0,124651.0,124650.1052631579,124652.0,124652.0,50.39473684210526,65.5,127.0,10.236842105263158,15.0,19.0
bench/bench_results/Llama-3.2-3B/NVIDIA-H200/vllm-0.18.0-cb+pc/mon/default-random-768x192-2qps-200p.txt,Llama-3.2-3B,cb+pc,768,192,2.0,110,327.9727272727273,380.5,421.0,44.35454545454545,45.5,50.0,43.336363636363636,44.0,47.0,59.08181818181818,83.0,85.0,29.854545454545455,41.0,44.0,124650.29090909091,124651.0,124651.0,124651.29090909091,124652.0,124652.0,43.60909090909091,53.0,97.0,10.981818181818182,14.0,58.0
bench/bench_results/Llama-3.2-3B/NVIDIA-H200/vllm-0.18.0-cb+pc/mon/default-random-768x32-2qps-200p.txt,Llama-3.2-3B,cb+pc,768,32,2.0,109,199.03669724770643,196.0,341.0,42.24770642201835,42.0,46.0,40.27522935779817,40.0,44.0,17.63302752293578,0.0,84.0,8.935779816513762,0.0,44.0,124650.28440366972,124651.0,124651.0,124651.28440366972,124652.0,124652.0,12.284403669724771,0.0,87.0,3.6055045871559632,0.0,22.0
bench/bench_results/Llama-3.2-3B/NVIDIA-H200/vllm-0.18.0-default/mon/default-random-128x128-2qps-200p.txt,Llama-3.2-3B,default,128,128,2.0,115,283.7391304347826,301.0,458.0,37.84347826086957,38.0,43.0,37.81739130434783,38.0,44.0,46.74782608695652,14.0,100.0,24.286956521739132,7.0,53.0,130140.26956521739,130141.0,130141.0,130141.26956521739,130142.0,130142.0,28.94782608695652,0.0,84.0,7.6869565217391305,1.0,20.0
bench/bench_results/Llama-3.2-3B/NVIDIA-H200/vllm-0.18.0-default/mon/default-random-128x512-2qps-200p.txt,Llama-3.2-3B,default,128,512,2.0,110,393.93636363636364,441.0,470.0,41.78181818181818,43.0,44.0,41.981818181818184,43.0,47.0,82.86363636363636,100.0,100.0,41.00909090909091,49.0,53.0,130140.29090909091,130141.0,130141.0,130141.29090909091,130142.0,130142.0,72.27272727272727,82.0,143.0,15.89090909090909,18.5,24.0
bench/bench_results/Llama-3.2-3B/NVIDIA-H200/vllm-0.18.0-default/mon/default-random-512x128-16qps-200p.txt,Llama-3.2-3B,default,512,128,16.0,25,275.4,132.0,531.0,39.16,35.0,46.0,37.36,33.0,47.0,39.36,0.0,100.0,19.08,0.0,58.0,130137.88,130135.0,130141.0,130138.88,130136.0,130142.0,45.8,0.0,162.0,8.2,0.0,29.0
bench/bench_results/Llama-3.2-3B/NVIDIA-H200/vllm-0.18.0-default/mon/default-random-512x128-1qps-200p.txt,Llama-3.2-3B,default,512,128,1.0,204,240.19607843137254,251.5,448.0,38.56372549019608,38.0,44.0,37.76470588235294,36.0,45.0,36.490196078431374,0.0,100.0,19.465686274509803,0.0,55.0,130140.45098039215,130141.0,130141.0,130141.45098039215,130142.0,130142.0,20.91176470588235,0.0,84.0,5.696078431372549,0.0,23.0
bench/bench_results/Llama-3.2-3B/NVIDIA-H200/vllm-0.18.0-default/mon/default-random-512x128-2qps-200p.txt,Llama-3.2-3B,default,512,128,2.0,109,305.43119266055044,319.0,466.0,40.58715596330275,41.0,45.0,39.93577981651376,41.0,47.0,50.69724770642202,51.0,100.0,26.238532110091743,27.0,53.0,130140.26605504587,130141.0,130141.0,130141.26605504587,130142.0,130142.0,32.26605504587156,13.0,85.0,9.146788990825687,13.0,21.0
bench/bench_results/Llama-3.2-3B/NVIDIA-H200/vllm-0.18.0-default/mon/default-random-512x128-4qps-200p.txt,Llama-3.2-3B,default,512,128,4.0,62,344.2903225806452,393.0,469.0,41.693548387096776,43.0,46.0,41.064516129032256,43.0,47.0,60.79032258064516,99.0,100.0,30.29032258064516,45.5,53.0,130139.74193548386,130141.0,130141.0,130140.74193548386,130142.0,130142.0,50.17741935483871,66.0,116.0,12.17741935483871,17.0,24.0
bench/bench_results/Llama-3.2-3B/NVIDIA-H200/vllm-0.18.0-default/mon/default-random-512x128-8qps-200p.txt,Llama-3.2-3B,default,512,128,8.0,38,341.2105263157895,457.5,495.0,41.421052631578945,44.0,48.0,40.44736842105263,43.0,47.0,62.81578947368421,99.0,100.0,30.605263157894736,47.0,53.0,130138.94736842105,130141.0,130141.0,130139.94736842105,130142.0,130142.0,55.526315789473685,72.0,142.0,12.052631578947368,17.5,26.0
bench/bench_results/Llama-3.2-3B/NVIDIA-H200/vllm-0.18.0-default/mon/default-random-768x192-2qps-200p.txt,Llama-3.2-3B,default,768,192,2.0,110,347.1181818181818,378.5,476.0,40.90909090909091,41.5,48.0,40.64545454545455,43.0,47.0,62.95454545454545,99.0,100.0,31.98181818181818,48.5,53.0,130140.27272727272,130141.0,130141.0,130141.27272727272,130142.0,130142.0,45.09090909090909,61.0,93.0,12.190909090909091,17.0,69.0
bench/bench_results/Llama-3.2-3B/NVIDIA-H200/vllm-0.18.0-default/mon/default-random-768x32-2qps-200p.txt,Llama-3.2-3B,default,768,32,2.0,109,193.62385321100916,196.0,339.0,34.944954128440365,34.0,40.0,34.0,33.0,41.0,23.06422018348624,0.0,100.0,11.825688073394495,0.0,53.0,130140.10091743119,130141.0,130141.0,130141.10091743119,130142.0,130142.0,12.724770642201834,0.0,85.0,3.743119266055046,0.0,19.0
bench/bench_results/Llama-3.2-3B/NVIDIA-H200/vllm-0.18.0-no-opts/mon/default-random-128x128-2qps-200p.txt,Llama-3.2-3B,no-opts,128,128,2.0,119,350.890756302521,404.0,408.0,40.81512605042017,43.0,43.0,41.18487394957983,43.0,46.0,65.71428571428571,83.0,84.0,34.90756302521008,44.0,45.0,121740.78151260504,121741.0,121741.0,121741.78151260504,121742.0,121742.0,39.529411764705884,47.0,81.0,10.823529411764707,13.0,15.0
bench/bench_results/Llama-3.2-3B/NVIDIA-H200/vllm-0.18.0-no-opts/mon/default-random-128x512-2qps-200p.txt,Llama-3.2-3B,no-opts,128,512,2.0,389,407.88946015424165,416.0,429.0,46.32133676092545,48.0,48.0,46.462724935732645,47.0,50.0,79.89460154241645,83.0,84.0,43.066838046272494,44.0,46.0,121796.9383033419,121797.0,121797.0,121797.9383033419,121798.0,121798.0,47.897172236503856,49.0,98.0,13.390745501285346,14.0,34.0
bench/bench_results/Llama-3.2-3B/NVIDIA-H200/vllm-0.18.0-no-opts/mon/default-random-512x128-16qps-200p.txt,Llama-3.2-3B,no-opts,512,128,16.0,110,382.53636363636366,419.0,424.0,46.14545454545455,47.0,50.0,45.71818181818182,47.0,49.0,72.12727272727273,83.0,84.0,37.93636363636364,44.0,45.0,121812.63636363637,121815.0,121815.0,121813.63636363637,121816.0,121816.0,44.481818181818184,48.0,84.0,11.627272727272727,13.0,16.0
bench/bench_results/Llama-3.2-3B/NVIDIA-H200/vllm-0.18.0-no-opts/mon/default-random-512x128-1qps-200p.txt,Llama-3.2-3B,no-opts,512,128,1.0,205,267.4341463414634,273.0,421.0,42.09756097560975,42.0,46.0,41.05853658536585,41.0,47.0,41.239024390243905,41.0,84.0,21.839024390243903,22.0,45.0,121813.73170731707,121815.0,121815.0,121814.73170731707,121816.0,121816.0,23.765853658536585,5.0,77.0,6.453658536585366,1.0,16.0
bench/bench_results/Llama-3.2-3B/NVIDIA-H200/vllm-0.18.0-no-opts/mon/default-random-512x128-2qps-200p.txt,Llama-3.2-3B,no-opts,512,128,2.0,113,374.72566371681415,418.0,423.0,45.36283185840708,47.0,50.0,44.796460176991154,46.0,50.0,70.46017699115045,83.0,84.0,37.203539823008846,44.0,45.0,121812.69911504425,121815.0,121815.0,121813.69911504425,121816.0,121816.0,43.08849557522124,48.0,84.0,11.646017699115044,13.0,18.0
bench/bench_results/Llama-3.2-3B/NVIDIA-H200/vllm-0.18.0-no-opts/mon/default-random-512x128-4qps-200p.txt,Llama-3.2-3B,no-opts,512,128,4.0,110,383.0090909090909,419.0,425.0,46.21818181818182,48.0,49.0,45.86363636363637,47.0,50.0,72.31818181818181,83.0,84.0,38.236363636363635,44.0,45.0,121812.63636363637,121815.0,121815.0,121813.63636363637,121816.0,121816.0,43.627272727272725,47.0,93.0,11.763636363636364,13.0,19.0
bench/bench_results/Llama-3.2-3B/NVIDIA-H200/vllm-0.18.0-no-opts/mon/default-random-512x128-8qps-200p.txt,Llama-3.2-3B,no-opts,512,128,8.0,110,382.6909090909091,419.0,429.0,46.07272727272727,47.0,49.0,45.81818181818182,47.0,50.0,72.38181818181818,83.0,84.0,38.38181818181818,44.0,45.0,121812.63636363637,121815.0,121815.0,121813.63636363637,121816.0,121816.0,43.09090909090909,47.0,87.0,11.781818181818181,13.0,17.0
bench/bench_results/Llama-3.2-3B/NVIDIA-H200/vllm-0.18.0-no-opts/mon/default-random-768x192-2qps-200p.txt,Llama-3.2-3B,no-opts,768,192,2.0,157,396.6751592356688,421.0,429.0,46.847133757961785,48.0,50.0,46.50955414012739,47.0,50.0,76.30573248407643,83.0,84.0,40.560509554140125,44.0,45.0,121839.02547770701,121843.0,121843.0,121840.02547770701,121844.0,121844.0,45.961783439490446,48.0,87.0,12.878980891719745,14.0,17.0
bench/bench_results/Llama-3.2-3B/NVIDIA-H200/vllm-0.18.0-no-opts/mon/default-random-768x32-2qps-200p.txt,Llama-3.2-3B,no-opts,768,32,2.0,109,199.06422018348624,206.0,337.0,35.3394495412844,35.0,40.0,34.137614678899084,33.0,40.0,18.119266055045873,0.0,84.0,9.431192660550458,0.0,45.0,121837.2752293578,121843.0,121843.0,121838.2752293578,121844.0,121844.0,13.192660550458715,0.0,69.0,3.889908256880734,0.0,29.0
